<?xml version="1.0"?>
<doc>
    <assembly>
        <name>Exiled.Updater</name>
    </assembly>
    <members>
        <member name="T:Exiled.Updater.Config">
            <inheritdoc cref="T:Exiled.API.Interfaces.IConfig"/>
        </member>
        <member name="P:Exiled.Updater.Config.IsEnabled">
            <inheritdoc/>
        </member>
        <member name="P:Exiled.Updater.Config.ShouldDownloadTestingReleases">
            <summary>
            Gets a value indicating whether testing releases have to be downloaded or not.
            </summary>
        </member>
        <member name="P:Exiled.Updater.Config.ExcludeAssemblies">
            <summary>
            Gets a value that indicates which assemblies should be excluded from the update.
            </summary>
        </member>
        <member name="M:Exiled.Updater.Updater.OnEnabled">
            <inheritdoc/>
        </member>
    </members>
</doc>
