<?xml version="1.0"?>
<doc>
    <assembly>
        <name>Exiled.CustomRoles</name>
    </assembly>
    <members>
        <member name="T:Exiled.CustomRoles.API.Extensions">
            <summary>
            A collection of API methods.
            </summary>
        </member>
        <member name="M:Exiled.CustomRoles.API.Extensions.GetCustomRoles(Exiled.API.Features.Player)">
            <summary>
            Gets a <see cref="T:System.Collections.ObjectModel.ReadOnlyCollection`1"/> of the player's current custom roles.
            </summary>
            <param name="player">The <see cref="T:Exiled.API.Features.Player"/> to check for roles.</param>
            <returns>A <see cref="T:System.Collections.ObjectModel.ReadOnlyCollection`1"/> of all current custom roles.</returns>
        </member>
        <member name="M:Exiled.CustomRoles.API.Extensions.Register(System.Collections.Generic.IEnumerable{Exiled.CustomRoles.API.Features.CustomRole})">
            <summary>
            Registers an <see cref="T:System.Collections.Generic.IEnumerable`1"/> of <see cref="T:Exiled.CustomRoles.API.Features.CustomRole"/>s.
            </summary>
            <param name="customRoles"><see cref="T:Exiled.CustomRoles.API.Features.CustomRole"/>s to be registered.</param>
        </member>
        <member name="M:Exiled.CustomRoles.API.Extensions.Unregister(System.Collections.Generic.IEnumerable{Exiled.CustomRoles.API.Features.CustomRole})">
            <summary>
            Unregisters an <see cref="T:System.Collections.Generic.IEnumerable`1"/> of <see cref="T:Exiled.CustomRoles.API.Features.CustomRole"/>s.
            </summary>
            <param name="customRoles"><see cref="T:Exiled.CustomRoles.API.Features.CustomRole"/>s to be unregistered.</param>
        </member>
        <member name="T:Exiled.CustomRoles.API.Features.ActiveAbility">
            <summary>
            The base class for active (on-use) abilities.
            </summary>
        </member>
        <member name="P:Exiled.CustomRoles.API.Features.ActiveAbility.Duration">
            <summary>
            Gets or sets how long the ability lasts.
            </summary>
        </member>
        <member name="P:Exiled.CustomRoles.API.Features.ActiveAbility.Cooldown">
            <summary>
            Gets or sets how long must go between ability uses.
            </summary>
        </member>
        <member name="P:Exiled.CustomRoles.API.Features.ActiveAbility.CanUseOverride">
            <summary>
            Gets or sets an action to override the behavior of <see cref="M:Exiled.CustomRoles.API.Features.ActiveAbility.CanUseAbility(Exiled.API.Features.Player,System.String@)"/>.
            </summary>
        </member>
        <member name="P:Exiled.CustomRoles.API.Features.ActiveAbility.LastUsed">
            <summary>
            Gets the last time this ability was used.
            </summary>
        </member>
        <member name="P:Exiled.CustomRoles.API.Features.ActiveAbility.ActivePlayers">
            <summary>
            Gets all players actively using this ability.
            </summary>
        </member>
        <member name="M:Exiled.CustomRoles.API.Features.ActiveAbility.UseAbility(Exiled.API.Features.Player)">
            <summary>
            Uses the ability.
            </summary>
            <param name="player">The <see cref="T:Exiled.API.Features.Player"/> using the ability.</param>
        </member>
        <member name="M:Exiled.CustomRoles.API.Features.ActiveAbility.EndAbility(Exiled.API.Features.Player)">
            <summary>
            Ends the ability.
            </summary>
            <param name="player">The <see cref="T:Exiled.API.Features.Player"/> the ability is ended for.</param>
        </member>
        <member name="M:Exiled.CustomRoles.API.Features.ActiveAbility.Check(Exiled.API.Features.Player)">
            <summary>
            Checks if the specified player is using the ability.
            </summary>
            <param name="player">The <see cref="T:Exiled.API.Features.Player"/> to check.</param>
            <returns>True if the player is actively using the ability.</returns>
        </member>
        <member name="M:Exiled.CustomRoles.API.Features.ActiveAbility.CanUseAbility(Exiled.API.Features.Player,System.String@)">
            <summary>
            Checks to see if the ability is usable by the player.
            </summary>
            <param name="player">The player to check.</param>
            <param name="response">The response to send to the player.</param>
            <returns>True if the ability is usable.</returns>
        </member>
        <member name="M:Exiled.CustomRoles.API.Features.ActiveAbility.AbilityUsed(Exiled.API.Features.Player)">
            <summary>
            Called when the ability is used.
            </summary>
            <param name="player">The <see cref="T:Exiled.API.Features.Player"/> using the ability.</param>
        </member>
        <member name="M:Exiled.CustomRoles.API.Features.ActiveAbility.AbilityEnded(Exiled.API.Features.Player)">
            <summary>
            Called when the abilities duration has ended.
            </summary>
            <param name="player">The <see cref="T:Exiled.API.Features.Player"/> the ability has ended for.</param>
        </member>
        <member name="M:Exiled.CustomRoles.API.Features.ActiveAbility.ShowMessage(Exiled.API.Features.Player)">
            <summary>
            Called when the ability is successfully used.
            </summary>
            <param name="player">The <see cref="T:Exiled.API.Features.Player"/> using the ability.</param>
        </member>
        <member name="T:Exiled.CustomRoles.API.Features.CustomAbility">
            <summary>
            The custom ability base class.
            </summary>
        </member>
        <member name="P:Exiled.CustomRoles.API.Features.CustomAbility.Registered">
            <summary>
            Gets a list of all registered custom abilities.
            </summary>
        </member>
        <member name="P:Exiled.CustomRoles.API.Features.CustomAbility.Name">
            <summary>
            Gets or sets the name of the ability.
            </summary>
        </member>
        <member name="P:Exiled.CustomRoles.API.Features.CustomAbility.Description">
            <summary>
            Gets or sets the description of the ability.
            </summary>
        </member>
        <member name="P:Exiled.CustomRoles.API.Features.CustomAbility.Players">
            <summary>
            Gets all players who have this ability.
            </summary>
        </member>
        <member name="M:Exiled.CustomRoles.API.Features.CustomAbility.Get(System.String)">
            <summary>
            Gets a <see cref="T:Exiled.CustomRoles.API.Features.CustomRole"/> by name.
            </summary>
            <param name="name">The name of the role to get.</param>
            <returns>The role, or null if it doesn't exist.</returns>
        </member>
        <member name="M:Exiled.CustomRoles.API.Features.CustomAbility.TryGet(System.String,Exiled.CustomRoles.API.Features.CustomAbility@)">
            <summary>
            Tries to get a <see cref="T:Exiled.CustomRoles.API.Features.CustomRole"/> by name.
            </summary>
            <param name="name">The name of the role to get.</param>
            <param name="customAbility">The custom role.</param>
            <returns>True if the role exists.</returns>
            <exception cref="T:System.ArgumentNullException">If the name is a null or empty string.</exception>
        </member>
        <member name="M:Exiled.CustomRoles.API.Features.CustomAbility.Check(Exiled.API.Features.Player)">
            <summary>
            Checks to see if the specified player has this ability.
            </summary>
            <param name="player">The <see cref="T:Exiled.API.Features.Player"/> to check.</param>
            <returns>True if the player has this ability.</returns>
        </member>
        <member name="M:Exiled.CustomRoles.API.Features.CustomAbility.TryRegister">
            <summary>
            Tries to register this ability.
            </summary>
            <returns>True if the ability registered properly.</returns>
        </member>
        <member name="M:Exiled.CustomRoles.API.Features.CustomAbility.TryUnregister">
            <summary>
            Tries to unregister this ability.
            </summary>
            <returns>True if the ability is unregistered properly.</returns>
        </member>
        <member name="M:Exiled.CustomRoles.API.Features.CustomAbility.AddAbility(Exiled.API.Features.Player)">
            <summary>
            Adds this ability to the player.
            </summary>
            <param name="player">The <see cref="T:Exiled.API.Features.Player"/> to give the ability to.</param>
        </member>
        <member name="M:Exiled.CustomRoles.API.Features.CustomAbility.RemoveAbility(Exiled.API.Features.Player)">
            <summary>
            Removes this ability from the player.
            </summary>
            <param name="player">The <see cref="T:Exiled.API.Features.Player"/> to remove this ability from.</param>
        </member>
        <member name="M:Exiled.CustomRoles.API.Features.CustomAbility.Init">
            <summary>
            Initializes this ability.
            </summary>
        </member>
        <member name="M:Exiled.CustomRoles.API.Features.CustomAbility.Destroy">
            <summary>
            Destroys this ability.
            </summary>
        </member>
        <member name="M:Exiled.CustomRoles.API.Features.CustomAbility.SubscribeEvents">
            <summary>
            Loads the internal event handlers for the ability.
            </summary>
        </member>
        <member name="M:Exiled.CustomRoles.API.Features.CustomAbility.UnSubscribeEvents">
            <summary>
            Unloads the internal event handlers for the ability.
            </summary>
        </member>
        <member name="M:Exiled.CustomRoles.API.Features.CustomAbility.AbilityAdded(Exiled.API.Features.Player)">
            <summary>
            Called when the ability is first added to the player.
            </summary>
            <param name="player">The <see cref="T:Exiled.API.Features.Player"/> using the ability.</param>
        </member>
        <member name="M:Exiled.CustomRoles.API.Features.CustomAbility.AbilityRemoved(Exiled.API.Features.Player)">
            <summary>
            Called when the ability is being removed.
            </summary>
            <param name="player">The <see cref="T:Exiled.API.Features.Player"/> using the ability.</param>
        </member>
        <member name="T:Exiled.CustomRoles.API.Features.CustomRole">
            <summary>
            The custom role base class.
            </summary>
        </member>
        <member name="P:Exiled.CustomRoles.API.Features.CustomRole.Registered">
            <summary>
            Gets a list of all registered custom roles.
            </summary>
        </member>
        <member name="P:Exiled.CustomRoles.API.Features.CustomRole.Id">
            <summary>
            Gets or sets the custom RoleID of the role.
            </summary>
        </member>
        <member name="P:Exiled.CustomRoles.API.Features.CustomRole.Role">
            <summary>
            Gets or sets the <see cref="T:RoleType"/> to spawn this role as.
            </summary>
        </member>
        <member name="P:Exiled.CustomRoles.API.Features.CustomRole.MaxHealth">
            <summary>
            Gets or sets the max <see cref="P:Exiled.API.Features.Player.Health"/> for the role.
            </summary>
        </member>
        <member name="P:Exiled.CustomRoles.API.Features.CustomRole.Name">
            <summary>
            Gets or sets the name of this role.
            </summary>
        </member>
        <member name="P:Exiled.CustomRoles.API.Features.CustomRole.Description">
            <summary>
            Gets or sets the description of this role.
            </summary>
        </member>
        <member name="P:Exiled.CustomRoles.API.Features.CustomRole.TrackedPlayers">
            <summary>
            Gets all of the players currently set to this role.
            </summary>
        </member>
        <member name="P:Exiled.CustomRoles.API.Features.CustomRole.CustomAbilities">
            <summary>
            Gets or sets a list of the roles custom abilities.
            </summary>
        </member>
        <member name="P:Exiled.CustomRoles.API.Features.CustomRole.Inventory">
            <summary>
            Gets or sets the starting inventory for the role.
            </summary>
        </member>
        <member name="P:Exiled.CustomRoles.API.Features.CustomRole.SpawnProperties">
            <summary>
            Gets or sets the possible spawn locations for this role.
            </summary>
        </member>
        <member name="P:Exiled.CustomRoles.API.Features.CustomRole.KeepInventoryOnSpawn">
            <summary>
            Gets or sets a value indicating whether players keep their current inventory when gaining this role.
            </summary>
        </member>
        <member name="P:Exiled.CustomRoles.API.Features.CustomRole.RemovalKillsPlayer">
            <summary>
            Gets or sets a value indicating whether players die when this role is removed.
            </summary>
        </member>
        <member name="P:Exiled.CustomRoles.API.Features.CustomRole.KeepRoleOnDeath">
            <summary>
            Gets or sets a value indicating whether players keep this role when they die.
            </summary>
        </member>
        <member name="M:Exiled.CustomRoles.API.Features.CustomRole.Get(System.Int32)">
            <summary>
            Gets a <see cref="T:Exiled.CustomRoles.API.Features.CustomRole"/> by ID.
            </summary>
            <param name="id">The ID of the role to get.</param>
            <returns>The role, or null if it doesn't exist.</returns>
        </member>
        <member name="M:Exiled.CustomRoles.API.Features.CustomRole.Get(System.Type)">
            <summary>
            Gets a <see cref="T:Exiled.CustomRoles.API.Features.CustomRole"/> by type.
            </summary>
            <param name="t">The <see cref="T:System.Type"/> to get.</param>
            <returns>The role, or null if it doesn't exist.</returns>
        </member>
        <member name="M:Exiled.CustomRoles.API.Features.CustomRole.Get(System.String)">
            <summary>
            Gets a <see cref="T:Exiled.CustomRoles.API.Features.CustomRole"/> by name.
            </summary>
            <param name="name">The name of the role to get.</param>
            <returns>The role, or null if it doesn't exist.</returns>
        </member>
        <member name="M:Exiled.CustomRoles.API.Features.CustomRole.TryGet(System.Int32,Exiled.CustomRoles.API.Features.CustomRole@)">
            <summary>
            Tries to get a <see cref="T:Exiled.CustomRoles.API.Features.CustomRole"/> by <inheritdoc cref="P:Exiled.CustomRoles.API.Features.CustomRole.Id"/>.
            </summary>
            <param name="id">The ID of the role to get.</param>
            <param name="customRole">The custom role.</param>
            <returns>True if the role exists.</returns>
        </member>
        <member name="M:Exiled.CustomRoles.API.Features.CustomRole.TryGet(System.String,Exiled.CustomRoles.API.Features.CustomRole@)">
            <summary>
            Tries to get a <see cref="T:Exiled.CustomRoles.API.Features.CustomRole"/> by name.
            </summary>
            <param name="name">The name of the role to get.</param>
            <param name="customRole">The custom role.</param>
            <returns>True if the role exists.</returns>
            <exception cref="T:System.ArgumentNullException">If the name is a null or empty string.</exception>
        </member>
        <member name="M:Exiled.CustomRoles.API.Features.CustomRole.TryGet(Exiled.API.Features.Player,System.Collections.Generic.IReadOnlyCollection{Exiled.CustomRoles.API.Features.CustomRole}@)">
            <summary>
            Tries to get a <see cref="T:System.Collections.Generic.IReadOnlyCollection`1"/> of the specified <see cref="T:Exiled.API.Features.Player"/>'s <see cref="T:Exiled.CustomRoles.API.Features.CustomRole"/>s.
            </summary>
            <param name="player">The player to check.</param>
            <param name="customRoles">The custom roles the player has.</param>
            <returns>True if the player has custom roles.</returns>
            <exception cref="T:System.ArgumentNullException">If the player is null.</exception>
        </member>
        <member name="M:Exiled.CustomRoles.API.Features.CustomRole.Check(Exiled.API.Features.Player)">
            <summary>
            Checks if the given player has this role.
            </summary>
            <param name="player">The <see cref="T:Exiled.API.Features.Player"/> to check.</param>
            <returns>True if the player has this role.</returns>
        </member>
        <member name="M:Exiled.CustomRoles.API.Features.CustomRole.TryRegister">
            <summary>
            Tries to register this role.
            </summary>
            <returns>True if the role registered properly.</returns>
        </member>
        <member name="M:Exiled.CustomRoles.API.Features.CustomRole.TryUnregister">
            <summary>
            Tries to unregister this role.
            </summary>
            <returns>True if the role is unregistered properly.</returns>
        </member>
        <member name="M:Exiled.CustomRoles.API.Features.CustomRole.Init">
            <summary>
            Initializes this role manager.
            </summary>
        </member>
        <member name="M:Exiled.CustomRoles.API.Features.CustomRole.Destroy">
            <summary>
            Destroys this role manager.
            </summary>
        </member>
        <member name="M:Exiled.CustomRoles.API.Features.CustomRole.AddRole(Exiled.API.Features.Player)">
            <summary>
            Handles setup of the role, including spawn location, inventory and registering event handlers.
            </summary>
            <param name="player">The <see cref="T:Exiled.API.Features.Player"/> to add the role to.</param>
        </member>
        <member name="M:Exiled.CustomRoles.API.Features.CustomRole.RemoveRole(Exiled.API.Features.Player)">
            <summary>
            Removes the role from a specific player.
            </summary>
            <param name="player">The <see cref="T:Exiled.API.Features.Player"/> to remove the role from.</param>
        </member>
        <member name="M:Exiled.CustomRoles.API.Features.CustomRole.TryAddItem(Exiled.API.Features.Player,System.String)">
            <summary>
            Tries to add an item to the player's inventory by name.
            </summary>
            <param name="player">The <see cref="T:Exiled.API.Features.Player"/> to try giving the item to.</param>
            <param name="itemName">The name of the item to try adding.</param>
            <returns>Whether or not the item was able to be added.</returns>
        </member>
        <member name="M:Exiled.CustomRoles.API.Features.CustomRole.GetSpawnPosition">
            <summary>
            Gets a random <see cref="T:UnityEngine.Vector3"/> from <see cref="P:Exiled.CustomRoles.API.Features.CustomRole.SpawnProperties"/>.
            </summary>
            <returns>The chosen spawn location.</returns>
        </member>
        <member name="M:Exiled.CustomRoles.API.Features.CustomRole.SubscribeEvents">
            <summary>
            Called when the role is initialized to setup internal events.
            </summary>
        </member>
        <member name="M:Exiled.CustomRoles.API.Features.CustomRole.UnSubscribeEvents">
            <summary>
            Called when the role is destroyed to unsubscribe internal event handlers.
            </summary>
        </member>
        <member name="M:Exiled.CustomRoles.API.Features.CustomRole.ShowMessage(Exiled.API.Features.Player)">
            <summary>
            Shows the spawn message to the player.
            </summary>
            <param name="player">The <see cref="T:Exiled.API.Features.Player"/> to show the message to.</param>
        </member>
        <member name="M:Exiled.CustomRoles.API.Features.CustomRole.RoleAdded(Exiled.API.Features.Player)">
            <summary>
            Called after the role has been added to the player.
            </summary>
            <param name="player">The <see cref="T:Exiled.API.Features.Player"/> the role was added to.</param>
        </member>
        <member name="M:Exiled.CustomRoles.API.Features.CustomRole.RoleRemoved(Exiled.API.Features.Player)">
            <summary>
            Called 1 frame before the role is removed from the player.
            </summary>
            <param name="player">The <see cref="T:Exiled.API.Features.Player"/> the role was removed from.</param>
        </member>
        <member name="T:Exiled.CustomRoles.API.Features.PassiveAbility">
            <summary>
            The base class for passive (always active) abilities.
            </summary>
        </member>
        <member name="T:Exiled.CustomRoles.Commands.UseAbility">
            <summary>
            Handles the using of custom role abilities.
            </summary>
        </member>
        <member name="P:Exiled.CustomRoles.Commands.UseAbility.Command">
            <inheritdoc/>
        </member>
        <member name="P:Exiled.CustomRoles.Commands.UseAbility.Aliases">
            <inheritdoc/>
        </member>
        <member name="P:Exiled.CustomRoles.Commands.UseAbility.Description">
            <inheritdoc/>
        </member>
        <member name="M:Exiled.CustomRoles.Commands.UseAbility.Execute(System.ArraySegment{System.String},CommandSystem.ICommandSender,System.String@)">
            <inheritdoc/>
        </member>
        <member name="T:Exiled.CustomRoles.Config">
            <summary>
            The plugin's config.
            </summary>
        </member>
        <member name="P:Exiled.CustomRoles.Config.IsEnabled">
            <inheritdoc/>
        </member>
        <member name="P:Exiled.CustomRoles.Config.Debug">
            <summary>
            Gets or sets a value indicating whether debug messages should be printed to the console.
            </summary>
            <returns><see cref="T:System.Boolean"/>.</returns>
        </member>
        <member name="P:Exiled.CustomRoles.Config.GotRoleHint">
            <summary>
            Gets the hint that is shown when someone gets a <see cref="T:Exiled.CustomRoles.API.Features.CustomRole"/>.
            </summary>
        </member>
        <member name="P:Exiled.CustomRoles.Config.UsedAbilityHint">
            <summary>
            Gets the hint that is shown when someone used a <see cref="T:Exiled.CustomRoles.API.Features.CustomAbility"/>.
            </summary>
        </member>
        <member name="T:Exiled.CustomRoles.CustomRoles">
            <summary>
            Handles all custom role API functions.
            </summary>
        </member>
        <member name="P:Exiled.CustomRoles.CustomRoles.Instance">
            <summary>
            Gets a static reference to the plugin's instance.
            </summary>
        </member>
        <member name="P:Exiled.CustomRoles.CustomRoles.StopRagdollPlayers">
            <summary>
            Gets a list of players to stop spawning ragdolls for.
            </summary>
        </member>
        <member name="M:Exiled.CustomRoles.CustomRoles.OnEnabled">
            <inheritdoc/>
        </member>
        <member name="M:Exiled.CustomRoles.CustomRoles.OnDisabled">
            <inheritdoc/>
        </member>
        <member name="T:Exiled.CustomRoles.Events.PlayerHandlers">
            <summary>
            Handles general events for players.
            </summary>
        </member>
        <member name="M:Exiled.CustomRoles.Events.PlayerHandlers.#ctor(Exiled.CustomRoles.CustomRoles)">
            <summary>
            Initializes a new instance of the <see cref="T:Exiled.CustomRoles.Events.PlayerHandlers"/> class.
            </summary>
            <param name="plugin">The <see cref="T:Exiled.CustomRoles.CustomRoles"/> plugin instance.</param>
        </member>
        <member name="M:Exiled.CustomRoles.Events.PlayerHandlers.OnSpawningRagdoll(Exiled.Events.EventArgs.SpawningRagdollEventArgs)">
            <inheritdoc cref="E:Exiled.Events.Handlers.Player.SpawningRagdoll"/>
        </member>
    </members>
</doc>
